<?xml version="1.0" encoding="UTF-8"?>
<project-private xmlns="http://www.netbeans.org/ns/project-private/1">
    <editor-bookmarks xmlns="http://www.netbeans.org/ns/editor-bookmarks/2" lastBookmarkId="0"/>
    <open-files xmlns="http://www.netbeans.org/ns/projectui-open-files/2">
        <group>
            <file>file:/C:/Users/mihas/MPLABXProjects/EasyPICv7_18F46Q43_RFID.X/mcc_generated_files/delay.c</file>
            <file>file:/C:/Users/mihas/MPLABXProjects/EasyPICv7_18F46Q43_RFID.X/mcc_generated_files/RFID_driver.c</file>
            <file>file:/C:/Users/mihas/MPLABXProjects/EasyPICv7_18F46Q43_RFID.X/mcc_generated_files/spi1.c</file>
            <file>file:/C:/Users/mihas/MPLABXProjects/EasyPICv7_18F46Q43_RFID.X/main.c</file>
            <file>file:/C:/Users/mihas/MPLABXProjects/EasyPICv7_18F46Q43_RFID.X/mcc_generated_files/EXAMPLE_RFID.c</file>
            <file>file:/C:/Users/mihas/MPLABXProjects/EasyPICv7_18F46Q43_RFID.X/mcc_generated_files/RFID_driver.h</file>
            <file>file:/C:/Users/mihas/MPLABXProjects/EasyPICv7_18F46Q43_RFID.X/mcc_generated_files/mcc.c</file>
        </group>
    </open-files>
</project-private>
